Date,NASDAQ,KOSPI
2016/01/04,4903.09,1918.76
2016/01/05,4891.43,1930.53
2016/01/06,4835.77,1925.43
2016/01/07,4689.43,1904.33
2016/01/08,4643.63,1917.62
2016/01/11,4637.99,1894.84
2016/01/12,4685.92,1890.86
2016/01/13,4526.06,1916.28
2016/01/14,4615.0,1900.01
2016/01/15,4488.42,1878.87
2016/01/18,4488.42,1878.45
2016/01/19,4476.95,1889.64
2016/01/20,4471.69,1845.45
2016/01/21,4472.06,1840.53
2016/01/22,4591.18,1879.43
2016/01/25,4518.49,1893.43
2016/01/26,4567.67,1871.69
2016/01/27,4468.17,1897.87
2016/01/28,4506.68,1906.94
2016/01/29,4613.95,1912.06
2016/02/01,4620.37,1924.82
2016/02/02,4516.95,1906.6
2016/02/03,4504.24,1890.67
2016/02/04,4509.56,1916.26
2016/02/05,4363.14,1917.79
2016/02/08,4283.75,1917.79
2016/02/09,4268.76,1917.79
2016/02/10,4283.59,1917.79
2016/02/11,4266.84,1861.54
2016/02/12,4337.51,1835.28
2016/02/15,4337.51,1862.2
2016/02/16,4435.95,1888.3
2016/02/17,4534.06,1883.94
2016/02/18,4487.54,1908.84
2016/02/19,4504.43,1916.24
2016/02/22,4570.61,1916.36
2016/02/23,4503.58,1914.22
2016/02/24,4542.61,1912.53
2016/02/25,4582.2,1918.57
2016/02/26,4590.47,1920.16
2016/02/29,4557.95,1916.66
2016/03/01,4689.6,1916.66
2016/03/02,4703.42,1947.42
2016/03/03,4707.42,1958.17
2016/03/04,4717.02,1955.63
2016/03/07,4708.25,1957.87
2016/03/08,4648.82,1946.12
2016/03/09,4674.38,1952.95
2016/03/10,4662.16,1969.33
2016/03/11,4748.47,1971.41
2016/03/14,4750.28,1972.27
2016/03/15,4728.67,1969.97
2016/03/16,4763.97,1974.9
2016/03/17,4774.98,1987.99
2016/03/18,4795.65,1992.12
2016/03/21,4808.87,1989.76
2016/03/22,4821.66,1996.81
2016/03/23,4768.86,1995.12
2016/03/24,4773.51,1985.97
2016/03/25,4773.51,1983.81
2016/03/28,4766.79,1982.54
2016/03/29,4846.62,1994.91
2016/03/30,4869.29,2002.14
2016/03/31,4869.85,1995.85
2016/04/01,4914.54,1973.57
2016/04/04,4891.8,1978.97
2016/04/05,4843.93,1962.74
2016/04/06,4920.72,1971.32
2016/04/07,4848.37,1973.89
2016/04/08,4850.69,1972.05
2016/04/11,4833.4,1970.37
2016/04/12,4872.09,1981.32
2016/04/13,4947.42,1981.32
2016/04/14,4945.89,2015.93
2016/04/15,4938.22,2014.71
2016/04/18,4960.02,2009.1
2016/04/19,4940.33,2011.36
2016/04/20,4948.13,2005.83
2016/04/21,4945.89,2022.1
2016/04/22,4906.23,2015.49
2016/04/25,4895.79,2014.55
2016/04/26,4888.28,2019.63
2016/04/27,4863.14,2015.4
2016/04/28,4805.29,2000.93
2016/04/29,4775.36,1994.15
2016/05/02,4817.59,1978.15
2016/05/03,4763.22,1986.41
2016/05/04,4725.64,1976.71
2016/05/05,4717.09,1976.71
2016/05/06,4736.15,1976.71
2016/05/09,4750.21,1967.81
2016/05/10,4809.88,1982.5
2016/05/11,4760.69,1980.1
2016/05/12,4737.33,1977.49
2016/05/13,4717.68,1966.99
2016/05/16,4775.46,1967.91
2016/05/17,4715.73,1968.06
2016/05/18,4739.12,1956.73
2016/05/19,4712.53,1946.78
2016/05/20,4769.56,1947.67
2016/05/23,4765.78,1955.25
2016/05/24,4861.06,1937.68
2016/05/25,4894.89,1960.51
2016/05/26,4901.77,1957.06
2016/05/27,4933.51,1969.17
2016/05/30,4933.51,1967.13
2016/05/31,4948.06,1983.4
2016/06/01,4952.25,1982.72
2016/06/02,4971.36,1985.11
2016/06/03,4942.52,1985.84
2016/06/06,4968.71,1985.84
2016/06/07,4961.75,2011.63
2016/06/08,4974.64,2027.08
2016/06/09,4958.62,2024.17
2016/06/10,4894.55,2017.63
2016/06/13,4848.44,1979.06
2016/06/14,4843.55,1972.03
2016/06/15,4834.93,1968.83
2016/06/16,4844.91,1951.99
2016/06/17,4800.34,1953.4
2016/06/20,4837.21,1981.12
2016/06/21,4843.76,1982.7
2016/06/22,4833.32,1992.58
2016/06/23,4910.04,1986.71
2016/06/24,4707.98,1925.24
2016/06/27,4594.44,1926.85
2016/06/28,4691.87,1936.22
2016/06/29,4779.24,1956.36
2016/06/30,4842.67,1970.35
2016/07/01,4862.57,1987.32
2016/07/04,4862.57,1995.3
2016/07/05,4822.9,1989.85
2016/07/06,4859.16,1953.12
2016/07/07,4876.81,1974.08
2016/07/08,4956.76,1963.1
2016/07/11,4988.64,1988.54
2016/07/12,5022.82,1991.23
2016/07/13,5005.73,2005.55
2016/07/14,5034.06,2008.77
2016/07/15,5029.59,2017.26
2016/07/18,5055.78,2021.11
2016/07/19,5036.37,2016.89
2016/07/20,5089.93,2015.46
2016/07/21,5073.9,2012.22
2016/07/22,5100.16,2010.34
2016/07/25,5097.63,2012.32
2016/07/26,5110.05,2027.34
2016/07/27,5139.81,2025.05
2016/07/28,5154.98,2021.1
2016/07/29,5162.13,2016.19
2016/08/01,5184.2,2029.61
2016/08/02,5137.73,2019.03
2016/08/03,5159.74,1994.79
2016/08/04,5166.25,2000.03
2016/08/05,5221.12,2017.94
2016/08/08,5213.14,2031.12
2016/08/09,5225.48,2043.78
2016/08/10,5204.59,2044.64
2016/08/11,5228.4,2048.8
2016/08/12,5232.9,2050.47
2016/08/15,5262.02,2050.47
2016/08/16,5227.11,2047.76
2016/08/17,5228.66,2043.75
2016/08/18,5240.15,2055.47
2016/08/19,5238.38,2056.24
2016/08/22,5244.6,2042.16
2016/08/23,5260.08,2049.93
2016/08/24,5217.69,2043.76
2016/08/25,5212.2,2042.92
2016/08/26,5218.92,2037.5
2016/08/29,5232.33,2032.35
2016/08/30,5222.99,2039.74
2016/08/31,5213.22,2034.65
2016/09/01,5227.21,2032.72
2016/09/02,5249.9,2038.31
2016/09/05,5249.9,2060.08
2016/09/06,5275.91,2066.53
2016/09/07,5283.93,2061.88
2016/09/08,5259.48,2063.73
2016/09/09,5125.91,2037.87
2016/09/12,5211.89,1991.48
2016/09/13,5155.26,1999.36
2016/09/14,5173.77,1999.36
2016/09/15,5249.69,1999.36
2016/09/16,5244.57,1999.36
2016/09/19,5235.03,2015.78
2016/09/20,5241.35,2025.71
2016/09/21,5295.18,2035.99
2016/09/22,5339.52,2049.7
2016/09/23,5305.75,2054.07
2016/09/26,5257.49,2047.11
2016/09/27,5305.71,2062.82
2016/09/28,5318.55,2053.06
2016/09/29,5269.15,2068.72
2016/09/30,5312.0,2043.63
2016/10/03,5300.87,2043.63
2016/10/04,5289.66,2054.86
2016/10/05,5316.02,2053.0
2016/10/06,5306.85,2065.3
2016/10/07,5292.4,2053.8
2016/10/10,5328.67,2056.82
2016/10/11,5246.79,2031.93
2016/10/12,5239.02,2033.73
2016/10/13,5213.33,2015.44
2016/10/14,5214.16,2022.66
2016/10/17,5199.82,2027.61
2016/10/18,5243.84,2040.43
2016/10/19,5246.41,2040.94
2016/10/20,5241.83,2040.6
2016/10/21,5257.4,2033.0
2016/10/24,5309.83,2047.74
2016/10/25,5283.4,2037.17
2016/10/26,5250.27,2013.89
2016/10/27,5215.97,2024.12
2016/10/28,5190.1,2019.42
2016/10/31,5189.14,2008.19
2016/11/01,5153.58,2007.39
2016/11/02,5105.57,1978.94
2016/11/03,5058.41,1983.8
2016/11/04,5046.37,1982.02
2016/11/07,5166.17,1997.58
2016/11/08,5193.49,2003.38
2016/11/09,5251.07,1958.38
2016/11/10,5208.8,2002.6
2016/11/11,5237.11,1984.43
2016/11/14,5218.4,1974.4
2016/11/15,5275.62,1967.53
2016/11/16,5294.58,1979.65
2016/11/17,5333.97,1980.55
2016/11/18,5321.51,1974.58
2016/11/21,5368.86,1966.05
2016/11/22,5386.35,1983.47
2016/11/23,5380.68,1987.95
2016/11/24,5380.68,1971.26
2016/11/25,5398.92,1974.46
2016/11/28,5368.81,1978.13
2016/11/29,5379.92,1978.39
2016/11/30,5323.68,1983.48
2016/12/01,5251.11,1983.75
2016/12/02,5255.65,1970.61
2016/12/05,5308.89,1963.36
2016/12/06,5333.0,1989.86
2016/12/07,5393.76,1991.89
2016/12/08,5417.36,2031.07
2016/12/09,5444.5,2024.69
2016/12/12,5412.54,2027.24
2016/12/13,5463.83,2035.98
2016/12/14,5436.67,2036.87
2016/12/15,5456.85,2036.65
2016/12/16,5437.16,2042.24
2016/12/19,5457.44,2038.39
2016/12/20,5483.94,2041.94
2016/12/21,5471.43,2037.96
2016/12/22,5447.42,2035.73
2016/12/23,5462.69,2035.9
2016/12/26,5462.69,2037.75
2016/12/27,5487.44,2042.17
2016/12/28,5438.56,2024.49
2016/12/29,5432.09,2026.46
2016/12/30,5383.12,2026.46
2017/01/02,5383.12,2026.16
2017/01/03,5429.08,2043.97
2017/01/04,5477.01,2045.64
2017/01/05,5487.94,2041.95
2017/01/06,5521.06,2049.12
2017/01/09,5531.82,2048.78
2017/01/10,5551.82,2045.12
2017/01/11,5563.65,2075.17
2017/01/12,5547.49,2087.14
2017/01/13,5574.12,2076.79
2017/01/16,5574.12,2064.17
2017/01/17,5538.73,2071.87
2017/01/18,5555.65,2070.54
2017/01/19,5540.08,2072.79
2017/01/20,5555.33,2065.61
2017/01/23,5552.94,2065.99
2017/01/24,5600.96,2065.76
2017/01/25,5656.34,2066.94
2017/01/26,5655.18,2083.59
2017/01/27,5660.78,2083.59
2017/01/30,5613.71,2083.59
2017/01/31,5614.79,2067.57
2017/02/01,5642.65,2080.48
2017/02/02,5636.2,2071.01
2017/02/03,5666.77,2073.16
2017/02/06,5663.55,2077.66
2017/02/07,5674.22,2075.21
2017/02/08,5682.45,2065.08
2017/02/09,5715.18,2065.88
2017/02/10,5734.13,2075.08
2017/02/13,5763.96,2078.65
2017/02/14,5782.57,2074.57
2017/02/15,5819.44,2083.86
2017/02/16,5814.9,2081.84
2017/02/17,5838.58,2080.58
2017/02/20,5838.58,2084.39
2017/02/21,5865.95,2102.93
2017/02/22,5860.63,2106.61
2017/02/23,5835.51,2107.63
2017/02/24,5845.31,2094.12
2017/02/27,5861.9,2085.52
2017/02/28,5825.44,2091.64
2017/03/01,5904.03,2091.64
2017/03/02,5861.22,2102.65
2017/03/03,5870.75,2078.75
2017/03/06,5849.18,2081.36
2017/03/07,5833.93,2094.05
2017/03/08,5837.55,2095.41
2017/03/09,5838.81,2091.06
2017/03/10,5861.73,2097.35
2017/03/13,5875.78,2117.59
2017/03/14,5856.82,2133.78
2017/03/15,5900.05,2133.0
2017/03/16,5900.76,2150.08
2017/03/17,5901.0,2164.58
2017/03/20,5901.53,2157.01
2017/03/21,5793.82,2178.38
2017/03/22,5821.64,2168.3
2017/03/23,5817.69,2172.72
2017/03/24,5828.74,2168.95
2017/03/27,5840.37,2155.66
2017/03/28,5875.14,2163.31
2017/03/29,5897.55,2166.98
2017/03/30,5914.34,2164.64
2017/03/31,5911.74,2160.23
2017/04/03,5894.68,2167.51
2017/04/04,5898.61,2161.1
2017/04/05,5864.48,2160.85
2017/04/06,5878.95,2152.75
2017/04/07,5877.81,2151.73
2017/04/10,5880.93,2133.32
2017/04/11,5866.77,2123.85
2017/04/12,5836.16,2128.91
2017/04/13,5805.15,2148.61
2017/04/14,5805.15,2134.88
2017/04/17,5856.79,2145.76
2017/04/18,5849.47,2148.46
2017/04/19,5863.03,2138.4
2017/04/20,5916.78,2149.15
2017/04/21,5910.52,2165.04
2017/04/24,5983.82,2173.74
2017/04/25,6025.49,2196.85
2017/04/26,6025.23,2207.84
2017/04/27,6048.94,2209.46
2017/04/28,6047.61,2205.44
2017/05/01,6091.6,2205.44
2017/05/02,6095.37,2219.67
2017/05/03,6072.55,2219.67
2017/05/04,6075.34,2241.24
2017/05/05,6100.76,2241.24
2017/05/08,6102.66,2292.76
2017/05/09,6120.59,2292.76
2017/05/10,6129.14,2270.12
2017/05/11,6115.96,2296.37
2017/05/12,6121.23,2286.02
2017/05/15,6149.67,2290.65
2017/05/16,6169.87,2295.33
2017/05/17,6011.24,2293.08
2017/05/18,6055.13,2286.82
2017/05/19,6083.7,2288.48
2017/05/22,6133.62,2304.03
2017/05/23,6138.71,2311.74
2017/05/24,6163.02,2317.34
2017/05/25,6205.26,2342.93
2017/05/26,6210.19,2355.3
2017/05/29,6210.19,2352.97
2017/05/30,6203.19,2343.68
2017/05/31,6198.52,2347.38
2017/06/01,6246.83,2344.61
2017/06/02,6305.8,2371.72
2017/06/05,6295.68,2368.62
2017/06/06,6275.06,2368.62
2017/06/07,6297.38,2360.14
2017/06/08,6321.76,2363.57
2017/06/09,6207.92,2381.69
2017/06/12,6175.47,2357.87
2017/06/13,6220.37,2374.7
2017/06/14,6194.89,2372.64
2017/06/15,6165.5,2361.65
2017/06/16,6151.76,2361.83
2017/06/19,6239.01,2370.9
2017/06/20,6188.03,2369.23
2017/06/21,6233.95,2357.53
2017/06/22,6236.69,2370.37
2017/06/23,6265.25,2378.6
2017/06/26,6247.15,2388.66
2017/06/27,6146.62,2391.95
2017/06/28,6234.41,2382.56
2017/06/29,6144.35,2395.66
2017/06/30,6140.42,2391.79
2017/07/03,6110.06,2394.48
2017/07/04,6110.06,2380.52
2017/07/05,6150.85,2388.35
2017/07/06,6089.46,2387.81
2017/07/07,6153.08,2379.87
2017/07/10,6176.39,2382.1
2017/07/11,6193.31,2396.0
2017/07/12,6261.17,2391.77
2017/07/13,6274.44,2409.49
2017/07/14,6312.47,2414.63
2017/07/17,6314.43,2425.1
2017/07/18,6344.31,2426.04
2017/07/19,6385.04,2429.94
2017/07/20,6390.0,2441.84
2017/07/21,6387.75,2450.06
2017/07/24,6410.81,2451.53
2017/07/25,6412.17,2439.9
2017/07/26,6422.75,2434.51
2017/07/27,6382.19,2443.24
2017/07/28,6374.68,2400.99
2017/07/31,6348.12,2402.71
2017/08/01,6362.94,2422.96
2017/08/02,6362.65,2427.63
2017/08/03,6340.34,2386.85
2017/08/04,6351.56,2395.45
2017/08/07,6383.77,2398.75
2017/08/08,6370.46,2394.73
2017/08/09,6352.33,2368.39
2017/08/10,6216.87,2359.47
2017/08/11,6256.56,2319.71
2017/08/14,6340.23,2334.22
2017/08/15,6333.01,2334.22
2017/08/16,6345.11,2348.26
2017/08/17,6221.91,2361.67
2017/08/18,6216.53,2358.37
2017/08/21,6213.13,2355.0
2017/08/22,6297.48,2365.33
2017/08/23,6278.41,2366.4
2017/08/24,6271.33,2375.84
2017/08/25,6265.64,2378.51
2017/08/28,6283.02,2370.3
2017/08/29,6301.89,2364.74
2017/08/30,6368.31,2372.29
2017/08/31,6428.66,2363.19
2017/09/01,6435.33,2357.69
2017/09/04,6435.33,2329.65
2017/09/05,6375.57,2326.62
2017/09/06,6393.31,2319.82
2017/09/07,6397.87,2346.19
2017/09/08,6360.19,2343.72
2017/09/11,6432.26,2359.08
2017/09/12,6454.28,2365.47
2017/09/13,6460.19,2360.18
2017/09/14,6429.08,2377.66
2017/09/15,6448.47,2386.07
2017/09/18,6454.64,2418.21
2017/09/19,6461.32,2416.05
2017/09/20,6456.04,2412.2
2017/09/21,6422.69,2406.5
2017/09/22,6426.92,2388.71
2017/09/25,6370.59,2380.4
2017/09/26,6380.16,2374.32
2017/09/27,6453.26,2372.57
2017/09/28,6453.45,2373.14
2017/09/29,6495.96,2394.47
2017/10/02,6516.72,2394.47
2017/10/03,6531.71,2394.47
2017/10/04,6534.63,2394.47
2017/10/05,6585.36,2394.47
2017/10/06,6590.18,2394.47
2017/10/09,6579.73,2394.47
2017/10/10,6587.25,2433.81
2017/10/11,6603.55,2458.16
2017/10/12,6591.51,2474.76
2017/10/13,6605.8,2473.62
2017/10/16,6624.01,2480.05
2017/10/17,6623.66,2484.37
2017/10/18,6624.22,2482.91
2017/10/19,6605.07,2473.06
2017/10/20,6629.05,2489.54
2017/10/23,6586.83,2490.05
2017/10/24,6598.43,2490.49
2017/10/25,6563.89,2492.5
2017/10/26,6556.77,2480.63
2017/10/27,6701.26,2496.63
2017/10/30,6698.96,2501.93
2017/10/31,6727.67,2523.43
2017/11/01,6716.53,2556.47
2017/11/02,6714.94,2546.36
2017/11/03,6764.44,2557.97
2017/11/06,6786.44,2549.41
2017/11/07,6767.78,2545.44
2017/11/08,6789.12,2552.4
2017/11/09,6750.05,2550.57
2017/11/10,6750.94,2542.95
2017/11/13,6757.6,2530.35
2017/11/14,6737.87,2526.64
2017/11/15,6706.21,2518.25
2017/11/16,6793.29,2534.79
2017/11/17,6782.79,2533.99
2017/11/20,6790.71,2527.67
2017/11/21,6862.48,2530.7
2017/11/22,6867.36,2540.51
2017/11/23,6867.36,2537.15
2017/11/24,6889.16,2544.33
2017/11/27,6878.52,2507.81
2017/11/28,6912.36,2514.19
2017/11/29,6824.39,2512.9
2017/11/30,6873.97,2476.37
2017/12/01,6847.59,2475.41
2017/12/04,6775.37,2501.67
2017/12/05,6762.21,2510.12
2017/12/06,6776.38,2474.37
2017/12/07,6812.84,2461.98
2017/12/08,6840.08,2464.0
2017/12/11,6875.08,2471.49
2017/12/12,6862.32,2461.0
2017/12/13,6875.8,2480.55
2017/12/14,6856.53,2469.48
2017/12/15,6936.58,2482.07
2017/12/18,6994.76,2481.88
2017/12/19,6963.85,2478.53
2017/12/20,6960.96,2472.37
2017/12/21,6965.36,2429.83
2017/12/22,6959.96,2440.54
2017/12/26,6936.25,2427.34
2017/12/27,6939.34,2436.67
2017/12/28,6950.16,2467.49
2017/12/29,6903.39,2467.49
2018/01/02,7006.9,2479.65
2018/01/03,7065.53,2486.35
2018/01/04,7077.91,2466.46
2018/01/05,7136.56,2497.52
2018/01/08,7157.39,2513.28
2018/01/09,7163.58,2510.23
2018/01/10,7153.57,2499.75
2018/01/11,7211.78,2487.91
2018/01/12,7261.06,2496.42
2018/01/15,7261.06,2503.73
2018/01/16,7223.69,2521.74
2018/01/17,7298.28,2515.43
2018/01/18,7296.05,2515.81
2018/01/19,7336.38,2520.26
2018/01/22,7408.03,2502.11
2018/01/23,7460.29,2536.6
2018/01/24,7415.06,2538.0
2018/01/25,7411.16,2562.23
2018/01/26,7505.77,2574.76
2018/01/29,7466.51,2598.19
2018/01/30,7402.48,2567.74
2018/01/31,7411.48,2566.46
2018/02/01,7385.86,2568.54
2018/02/02,7240.95,2525.39
2018/02/05,6967.53,2491.75
2018/02/06,7115.88,2453.31
2018/02/07,7051.98,2396.56
2018/02/08,6777.16,2407.62
2018/02/09,6874.49,2363.77
2018/02/12,6981.96,2385.38
2018/02/13,7013.51,2395.19
2018/02/14,7143.61,2421.83
2018/02/15,7256.43,2421.83
2018/02/16,7239.47,2421.83
2018/02/19,7239.47,2442.82
2018/02/20,7234.31,2415.12
2018/02/21,7218.23,2429.65
2018/02/22,7210.09,2414.28
2018/02/23,7337.39,2451.52
2018/02/26,7421.46,2457.65
2018/02/27,7330.35,2456.14
2018/02/28,7273.01,2427.36
2018/03/01,7180.56,2427.36
2018/03/02,7257.87,2402.16
2018/03/05,7330.7,2375.06
2018/03/06,7372.01,2411.41
2018/03/07,7396.65,2401.82
2018/03/08,7427.95,2433.08
2018/03/09,7560.81,2459.45
2018/03/12,7588.32,2484.12
2018/03/13,7511.01,2494.49
2018/03/14,7496.81,2486.08
2018/03/15,7481.74,2492.38
2018/03/16,7481.99,2493.97
2018/03/19,7344.24,2475.03
2018/03/20,7364.3,2485.52
2018/03/21,7345.28,2484.97
2018/03/22,7166.68,2496.02
2018/03/23,6992.67,2416.76
2018/03/26,7220.54,2437.08
2018/03/27,7008.81,2452.06
2018/03/28,6949.23,2419.29
2018/03/29,7063.44,2436.37
2018/03/30,7063.44,2445.85
2018/04/02,6870.12,2444.16
2018/04/03,6941.28,2442.43
2018/04/04,7042.11,2408.06
2018/04/05,7076.55,2437.52
2018/04/06,6915.11,2429.58
2018/04/09,6950.34,2444.08
2018/04/10,7094.3,2450.74
2018/04/11,7069.03,2444.22
2018/04/12,7140.25,2442.71
2018/04/13,7106.65,2455.07
2018/04/16,7156.28,2457.49
2018/04/17,7281.1,2453.77
2018/04/18,7295.24,2479.98
2018/04/19,7238.06,2486.1
2018/04/20,7146.13,2476.33
2018/04/23,7128.6,2474.11
2018/04/24,7007.35,2464.14
2018/04/25,7003.74,2448.81
2018/04/26,7118.68,2475.64
2018/04/27,7119.8,2492.4
2018/04/30,7066.27,2515.38
2018/05/01,7130.7,2515.38
2018/05/02,7100.9,2505.61
2018/05/03,7088.15,2487.25
2018/05/04,7209.62,2461.38
2018/05/07,7265.21,2461.38
2018/05/08,7266.9,2449.81
2018/05/09,7339.9,2443.98
2018/05/10,7404.98,2464.16
2018/05/11,7402.88,2477.71
2018/05/14,7411.31,2476.11
2018/05/15,7351.63,2458.54
2018/05/16,7398.3,2459.82
2018/05/17,7382.47,2448.45
2018/05/18,7354.34,2460.65
2018/05/21,7394.04,2465.57
2018/05/22,7378.45,2465.57
2018/05/23,7425.95,2471.91
2018/05/24,7424.43,2466.01
2018/05/25,7433.85,2460.8
2018/05/28,7433.85,2478.96
2018/05/29,7396.59,2457.25
2018/05/30,7462.45,2409.03
2018/05/31,7442.12,2423.01
2018/06/01,7554.33,2438.96
2018/06/04,7606.46,2447.76
2018/06/05,7637.86,2453.76
2018/06/06,7689.24,2453.76
2018/06/07,7635.07,2470.58
2018/06/08,7645.51,2451.58
2018/06/11,7659.93,2470.15
2018/06/12,7703.79,2468.83
2018/06/13,7695.7,2468.83
2018/06/14,7761.04,2423.48
2018/06/15,7746.38,2404.04
2018/06/18,7747.02,2376.24
2018/06/19,7725.59,2340.11
2018/06/20,7781.52,2363.91
2018/06/21,7712.95,2337.83
2018/06/22,7692.82,2357.22
2018/06/25,7532.01,2357.88
2018/06/26,7561.63,2350.92
2018/06/27,7445.09,2342.03
2018/06/28,7503.68,2314.24
2018/06/29,7510.3,2326.13
2018/07/02,7567.69,2271.54
2018/07/03,7502.67,2272.76
2018/07/04,7502.67,2265.46
2018/07/05,7586.43,2257.55
2018/07/06,7688.39,2272.87
2018/07/09,7756.2,2285.8
2018/07/10,7759.2,2294.16
2018/07/11,7716.61,2280.62
2018/07/12,7823.92,2285.06
2018/07/13,7825.98,2310.9
2018/07/16,7805.72,2301.99
2018/07/17,7855.12,2297.92
2018/07/18,7854.44,2290.11
2018/07/19,7825.3,2282.29
2018/07/20,7820.2,2289.19
2018/07/23,7841.87,2269.31
2018/07/24,7840.77,2280.2
2018/07/25,7932.24,2273.03
2018/07/26,7852.19,2289.06
2018/07/27,7737.42,2294.99
2018/07/30,7630.0,2293.51
2018/07/31,7671.79,2295.26
2018/08/01,7707.29,2307.07
2018/08/02,7802.69,2270.2
2018/08/03,7812.02,2287.68
2018/08/06,7859.68,2286.5
2018/08/07,7883.66,2300.16
2018/08/08,7888.33,2301.45
2018/08/09,7891.78,2303.71
2018/08/10,7839.11,2282.79
2018/08/13,7819.71,2248.45
2018/08/14,7870.89,2258.91
2018/08/15,7774.12,2258.91
2018/08/16,7806.52,2240.8
2018/08/17,7816.33,2247.05
2018/08/20,7821.01,2247.88
2018/08/21,7859.17,2270.06
2018/08/22,7889.1,2273.33
2018/08/23,7878.46,2282.6
2018/08/24,7945.98,2293.21
2018/08/27,8017.9,2299.3
2018/08/28,8030.04,2303.12
2018/08/29,8109.69,2309.03
2018/08/30,8088.36,2307.35
2018/08/31,8109.54,2322.88
2018/09/03,8109.54,2307.03
2018/09/04,8091.25,2315.72
2018/09/05,7995.17,2291.77
2018/09/06,7922.73,2287.61
2018/09/07,7902.54,2281.58
2018/09/10,7924.16,2288.66
2018/09/11,7972.47,2283.2
2018/09/12,7954.23,2282.92
2018/09/13,8013.71,2286.23
2018/09/14,8010.04,2318.25
2018/09/17,7895.79,2303.01
2018/09/18,7956.11,2308.98
2018/09/19,7950.04,2308.46
2018/09/20,8028.23,2323.45
2018/09/21,7986.95,2339.17
2018/09/24,7993.25,2339.17
2018/09/25,8007.47,2339.17
2018/09/26,7990.37,2339.17
2018/09/27,8041.97,2355.43
2018/09/28,8046.35,2343.07
2018/10/01,8037.3,2338.88
2018/10/02,7999.55,2309.57
2018/10/03,8025.09,2309.57
2018/10/04,7879.51,2274.49
2018/10/05,7788.45,2267.52
2018/10/08,7735.95,2253.83
2018/10/09,7738.02,2253.83
2018/10/10,7422.05,2228.61
2018/10/11,7329.06,2129.67
2018/10/12,7496.89,2161.85
2018/10/15,7430.74,2145.12
2018/10/16,7645.49,2145.12
2018/10/17,7642.7,2167.51
2018/10/18,7485.14,2148.31
2018/10/19,7449.03,2156.26
2018/10/22,7468.63,2161.71
2018/10/23,7437.54,2106.1
2018/10/24,7108.4,2097.58
2018/10/25,7318.34,2063.3
2018/10/26,7167.21,2027.15
2018/10/29,7050.29,1996.05
2018/10/30,7161.65,2014.69
2018/10/31,7305.9,2029.69
2018/11/01,7434.06,2024.46
2018/11/02,7356.99,2096.0
2018/11/05,7328.85,2076.92
2018/11/06,7375.96,2089.62
2018/11/07,7570.75,2078.69
2018/11/08,7530.89,2092.63
2018/11/09,7406.9,2086.09
2018/11/12,7200.87,2080.44
2018/11/13,7200.88,2071.23
2018/11/14,7136.39,2068.05
2018/11/15,7259.03,2088.06
2018/11/16,7247.87,2092.4
2018/11/19,7028.48,2100.56
2018/11/20,6908.82,2082.58
2018/11/21,6972.25,2076.55
2018/11/22,6972.25,2069.95
2018/11/23,6938.98,2057.48
2018/11/26,7081.85,2083.02
2018/11/27,7082.7,2099.42
2018/11/28,7291.59,2108.22
2018/11/29,7273.08,2114.1
2018/11/30,7330.54,2096.86
2018/12/03,7441.51,2131.93
2018/12/04,7158.43,2114.35
2018/12/05,7158.43,2101.31
2018/12/06,7188.26,2068.69
2018/12/07,6969.25,2075.76
2018/12/10,7020.52,2053.79
2018/12/11,7031.83,2052.97
2018/12/12,7098.31,2082.57
2018/12/13,7070.33,2095.55
2018/12/14,6910.66,2069.38
2018/12/17,6753.73,2071.09
2018/12/18,6783.91,2062.11
2018/12/19,6636.83,2078.84
2018/12/20,6528.41,2060.12
2018/12/21,6332.99,2061.49
2018/12/24,6192.92,2055.01
2018/12/26,6554.35,2028.01
2018/12/27,6579.49,2028.44
2018/12/28,6584.52,2041.04
2018/12/31,6635.28,2041.04
2019/01/02,6665.94,2010.0
2019/01/03,6463.5,1993.7
2019/01/04,6738.86,2010.25
2019/01/07,6823.47,2037.1
2019/01/08,6897.0,2025.27
2019/01/09,6957.08,2064.71
2019/01/10,6986.07,2063.28
2019/01/11,6971.48,2075.57
2019/01/14,6905.91,2064.52
2019/01/15,7023.83,2097.18
2019/01/16,7034.69,2106.1
2019/01/17,7084.46,2107.06
2019/01/18,7157.23,2124.28
2019/01/21,7157.23,2124.61
2019/01/22,7020.36,2117.77
2019/01/23,7025.77,2127.78
2019/01/24,7073.46,2145.03
2019/01/25,7164.86,2177.73
2019/01/28,7085.69,2177.3
2019/01/29,7028.29,2183.36
2019/01/30,7183.08,2206.2
2019/01/31,7281.74,2204.85
2019/02/01,7263.87,2203.46
2019/02/04,7347.54,2203.46
2019/02/05,7402.08,2203.46
2019/02/06,7375.28,2203.46
2019/02/07,7288.35,2203.42
2019/02/08,7298.2,2177.05
2019/02/11,7307.9,2180.73
2019/02/12,7414.62,2190.47
2019/02/13,7420.38,2201.48
2019/02/14,7426.95,2225.85
2019/02/15,7472.41,2196.09
2019/02/18,7472.41,2210.89
2019/02/19,7486.77,2205.63
2019/02/20,7489.07,2229.76
2019/02/21,7459.71,2228.66
2019/02/22,7527.55,2230.5
2019/02/25,7554.46,2232.56
2019/02/26,7549.3,2226.6
2019/02/27,7554.51,2234.79
2019/02/28,7532.53,2195.44
2019/03/01,7595.35,2195.44
2019/03/04,7577.57,2190.66
2019/03/05,7576.36,2179.23
2019/03/06,7505.92,2175.6
2019/03/07,7421.46,2165.79
2019/03/08,7408.14,2137.44
2019/03/11,7558.06,2138.1
2019/03/12,7591.03,2157.18
2019/03/13,7643.4,2148.41
2019/03/14,7630.91,2155.68
2019/03/15,7688.53,2176.11
2019/03/18,7714.48,2179.49
2019/03/19,7723.95,2177.62
2019/03/20,7728.97,2177.1
2019/03/21,7838.96,2184.88
2019/03/22,7642.67,2186.95
2019/03/25,7637.54,2144.86
2019/03/26,7691.52,2148.8
2019/03/27,7643.38,2145.62
2019/03/28,7669.17,2128.1
2019/03/29,7729.32,2140.67
2019/04/01,7828.91,2168.28
2019/04/02,7848.69,2177.18
2019/04/03,7895.55,2203.27
2019/04/04,7891.78,2206.53
2019/04/05,7938.69,2209.61
2019/04/08,7953.88,2210.6
2019/04/09,7909.28,2213.56
2019/04/10,7964.24,2224.39
2019/04/11,7947.36,2224.44
2019/04/12,7984.16,2233.45
2019/04/15,7976.01,2242.88
2019/04/16,8000.23,2248.63
2019/04/17,7996.08,2245.89
2019/04/18,7998.06,2213.77
2019/04/19,7998.06,2216.15
2019/04/22,8015.27,2216.65
2019/04/23,8120.82,2220.51
2019/04/24,8102.02,2201.03
2019/04/25,8118.68,2190.5
2019/04/26,8146.4,2179.31
2019/04/29,8161.85,2216.43
2019/04/30,8095.39,2203.59
2019/05/01,8049.64,2203.59
2019/05/02,8036.77,2212.75
2019/05/03,8164.0,2196.32
2019/05/06,8123.29,2196.32
2019/05/07,7963.76,2176.99
2019/05/08,7943.32,2168.01
2019/05/09,7910.59,2102.01
2019/05/10,7916.94,2108.04
2019/05/13,7647.02,2079.01
2019/05/14,7734.49,2081.84
2019/05/15,7822.15,2092.78
2019/05/16,7898.05,2067.69
2019/05/17,7816.28,2055.8
2019/05/20,7702.38,2055.71
2019/05/21,7785.72,2061.25
2019/05/22,7750.84,2064.86
2019/05/23,7628.28,2059.59
2019/05/24,7637.01,2045.31
2019/05/27,7637.01,2044.21
2019/05/28,7607.35,2048.83
2019/05/29,7547.31,2023.32
2019/05/30,7567.72,2038.8
2019/05/31,7453.15,2041.74
2019/06/03,7333.02,2067.85
2019/06/04,7527.12,2066.97
2019/06/05,7575.48,2069.11
2019/06/06,7615.55,2069.11
2019/06/07,7742.1,2072.33
2019/06/10,7823.17,2099.49
2019/06/11,7822.57,2111.81
2019/06/12,7792.72,2108.75
2019/06/13,7837.13,2103.15
2019/06/14,7796.66,2095.41
2019/06/17,7845.02,2090.73
2019/06/18,7953.88,2098.71
2019/06/19,7987.32,2124.78
2019/06/20,8051.34,2131.29
2019/06/21,8031.71,2125.62
2019/06/24,8005.7,2126.33
2019/06/25,7884.72,2121.64
2019/06/26,7909.97,2121.85
2019/06/27,7967.76,2134.32
2019/06/28,8006.24,2130.62
2019/07/01,8091.16,2129.74
2019/07/02,8109.09,2122.02
2019/07/03,8170.23,2096.02
2019/07/04,8170.23,2108.73
2019/07/05,8161.79,2110.59
2019/07/08,8098.38,2064.17
2019/07/09,8141.73,2052.03
2019/07/10,8202.53,2058.78
2019/07/11,8196.04,2080.58
2019/07/12,8244.14,2086.66
2019/07/15,8258.18,2082.48
2019/07/16,8222.8,2091.87
2019/07/17,8185.21,2072.92
2019/07/18,8207.24,2066.55
2019/07/19,8146.49,2094.36
2019/07/22,8204.14,2093.34
2019/07/23,8251.4,2101.45
2019/07/24,8321.5,2082.3
2019/07/25,8238.54,2074.48
2019/07/26,8330.21,2066.26
2019/07/29,8293.33,2029.48
2019/07/30,8273.61,2038.68
2019/07/31,8175.42,2024.55
2019/08/01,8111.12,2017.34
2019/08/02,8004.07,1998.13
2019/08/05,7726.04,1946.98
2019/08/06,7833.27,1917.5
2019/08/07,7862.83,1909.71
2019/08/08,8039.16,1920.61
2019/08/09,7959.14,1937.75
2019/08/12,7863.41,1942.29
2019/08/13,8016.36,1925.83
2019/08/14,7773.94,1938.37
2019/08/15,7766.62,1938.37
2019/08/16,7895.99,1927.17
2019/08/19,8002.81,1939.9
2019/08/20,7948.56,1960.25
2019/08/21,8020.21,1964.65
2019/08/22,7991.39,1951.01
2019/08/23,7751.77,1948.3
2019/08/26,7853.73,1916.31
2019/08/27,7826.95,1924.6
2019/08/28,7856.88,1941.09
2019/08/29,7973.39,1933.41
2019/08/30,7962.88,1967.79
2019/09/02,7962.88,1969.19
2019/09/03,7874.16,1965.69
2019/09/04,7976.88,1988.53
2019/09/05,8116.83,2004.75
2019/09/06,8103.07,2009.13
2019/09/09,8087.44,2019.55
2019/09/10,8084.15,2032.08
2019/09/11,8169.68,2049.2
2019/09/12,8194.47,2049.2
2019/09/13,8176.71,2049.2
2019/09/16,8153.54,2062.22
2019/09/17,8186.02,2062.33
2019/09/18,8177.39,2070.73
2019/09/19,8182.88,2080.35
2019/09/20,8117.67,2091.52
2019/09/23,8112.46,2091.7
2019/09/24,7993.63,2101.04
2019/09/25,8077.38,2073.39
2019/09/26,8030.66,2074.52
2019/09/27,7939.63,2049.93
2019/09/30,7999.33,2063.05
2019/10/01,7908.67,2072.42
2019/10/02,7785.23,2031.91
2019/10/03,7872.25,2031.91
2019/10/04,7982.46,2020.69
2019/10/07,7956.28,2021.73
2019/10/08,7823.76,2046.25
2019/10/09,7903.73,2046.25
2019/10/10,7950.77,2028.15
2019/10/11,8057.04,2044.61
2019/10/14,8048.65,2067.4
2019/10/15,8148.71,2068.17
2019/10/16,8124.18,2082.83
2019/10/17,8156.85,2077.94
2019/10/18,8089.54,2060.69
2019/10/21,8162.99,2064.84
2019/10/22,8104.3,2088.86
2019/10/23,8119.79,2080.62
2019/10/24,8185.8,2085.66
2019/10/25,8243.12,2087.89
2019/10/28,8325.99,2093.6
2019/10/29,8276.85,2092.69
2019/10/30,8303.98,2080.27
2019/10/31,8292.36,2083.48
2019/11/01,8386.4,2100.2
2019/11/04,8433.2,2130.24
2019/11/05,8434.68,2142.64
2019/11/06,8410.63,2144.15
2019/11/07,8434.52,2144.29
2019/11/08,8475.31,2137.23
2019/11/11,8464.28,2124.09
2019/11/12,8486.09,2140.92
2019/11/13,8482.1,2122.45
2019/11/14,8479.02,2139.23
2019/11/15,8540.83,2162.18
2019/11/18,8549.94,2160.69
2019/11/19,8570.66,2153.24
2019/11/20,8526.73,2125.32
2019/11/21,8506.21,2096.6
2019/11/22,8519.89,2101.96
2019/11/25,8632.49,2123.5
2019/11/26,8647.93,2121.35
2019/11/27,8705.17,2127.85
2019/11/28,8705.17,2118.6
2019/11/29,8665.47,2087.96
2019/12/02,8567.99,2091.92
2019/12/03,8520.64,2084.07
2019/12/04,8566.67,2068.89
2019/12/05,8570.7,2060.74
2019/12/06,8656.53,2081.85
2019/12/09,8621.83,2088.65
2019/12/10,8616.18,2098.0
2019/12/11,8654.05,2105.62
2019/12/12,8717.32,2137.35
2019/12/13,8734.88,2170.25
2019/12/16,8814.23,2168.15
2019/12/17,8823.36,2195.68
2019/12/18,8827.74,2194.76
2019/12/19,8887.22,2196.56
2019/12/20,8924.95,2204.18
2019/12/23,8945.65,2203.71
2019/12/24,8952.88,2190.08
2019/12/26,9022.39,2197.93
2019/12/27,9006.62,2204.21
2019/12/30,8945.99,2197.67
2019/12/31,8972.6,2197.67
2020/01/02,9092.19,2175.17
2020/01/03,9020.77,2176.46
2020/01/06,9071.47,2155.07
2020/01/07,9068.58,2175.54
2020/01/08,9129.24,2151.31
2020/01/09,9203.43,2186.45
2020/01/10,9178.86,2206.39
2020/01/13,9273.93,2229.26
2020/01/14,9251.33,2238.88
2020/01/15,9258.69,2230.98
2020/01/16,9357.13,2248.05
2020/01/17,9388.94,2250.57
2020/01/20,9388.94,2262.64
2020/01/21,9370.81,2239.69
2020/01/22,9383.77,2267.25
2020/01/23,9402.48,2246.13
2020/01/24,9314.91,2246.13
2020/01/27,9139.31,2246.13
2020/01/28,9269.68,2176.72
2020/01/29,9275.16,2185.28
2020/01/30,9298.93,2148.0
2020/01/31,9150.94,2119.01
2020/02/03,9273.4,2118.88
2020/02/04,9467.97,2157.9
2020/02/05,9508.68,2165.63
2020/02/06,9572.15,2227.94
2020/02/07,9520.51,2211.95
2020/02/10,9628.39,2201.07
2020/02/11,9638.94,2223.12
2020/02/12,9725.96,2238.38
2020/02/13,9711.97,2232.96
2020/02/14,9731.18,2243.59
2020/02/17,9731.18,2242.17
2020/02/18,9732.74,2208.88
2020/02/19,9817.18,2210.34
2020/02/20,9750.97,2195.5
2020/02/21,9576.59,2162.84
2020/02/24,9221.28,2079.04
2020/02/25,8965.61,2103.61
2020/02/26,8980.77,2076.77
2020/02/27,8566.48,2054.89
2020/02/28,8567.37,1987.01
2020/03/02,8952.17,2002.51
2020/03/03,8684.09,2014.15
2020/03/04,9018.09,2059.33
2020/03/05,8738.59,2085.26
2020/03/06,8575.62,2040.22
2020/03/09,7950.68,1954.77
2020/03/10,8344.25,1962.93
2020/03/11,7952.05,1908.27
2020/03/12,7201.8,1834.33
2020/03/13,7874.88,1771.44
2020/03/16,6904.59,1714.86
2020/03/17,7334.78,1672.44
2020/03/18,6989.84,1591.2
2020/03/19,7150.58,1457.64
2020/03/20,6879.52,1566.15
2020/03/23,6860.67,1482.46
2020/03/24,7417.86,1609.97
2020/03/25,7384.3,1704.76
2020/03/26,7797.54,1686.24
2020/03/27,7502.38,1717.73
2020/03/30,7774.15,1717.12
2020/03/31,7700.1,1754.64
2020/04/01,7360.58,1685.46
2020/04/02,7487.31,1724.86
2020/04/03,7373.08,1725.44
2020/04/06,7913.24,1791.88
2020/04/07,7887.26,1823.6
2020/04/08,8090.9,1807.14
2020/04/09,8153.57,1836.21
2020/04/10,8153.57,1860.7
2020/04/13,8192.42,1825.76
2020/04/14,8515.74,1857.08
2020/04/15,8393.18,1857.08
2020/04/16,8532.36,1857.07
2020/04/17,8650.14,1914.53
2020/04/20,8560.73,1898.36
2020/04/21,8263.23,1879.38
2020/04/22,8495.38,1896.15
2020/04/23,8494.75,1914.73
2020/04/24,8634.52,1889.01
2020/04/27,8730.16,1922.77
2020/04/28,8607.73,1934.09
2020/04/29,8914.71,1947.56
2020/04/30,8889.55,1947.56
2020/05/01,8604.95,1947.56
2020/05/04,8710.72,1895.37
2020/05/05,8809.12,1895.37
2020/05/06,8854.39,1928.76
2020/05/07,8979.66,1928.61
2020/05/08,9121.32,1945.82
2020/05/11,9192.34,1935.4
2020/05/12,9002.55,1922.17
2020/05/13,8863.17,1940.42
2020/05/14,8943.72,1924.96
2020/05/15,9014.56,1927.28
2020/05/18,9234.83,1937.11
2020/05/19,9185.1,1980.61
2020/05/20,9375.78,1989.64
2020/05/21,9284.88,1998.31
2020/05/22,9324.59,1970.13
2020/05/25,9324.59,1994.6
2020/05/26,9340.22,2029.78
2020/05/27,9412.36,2031.2
2020/05/28,9368.99,2028.54
2020/05/29,9489.87,2029.6
2020/06/01,9552.05,2065.08
2020/06/02,9608.38,2087.19
2020/06/03,9682.91,2147.0
2020/06/04,9615.81,2151.18
2020/06/05,9814.08,2181.87
2020/06/08,9924.75,2184.29
2020/06/09,9953.75,2188.92
2020/06/10,10020.35,2195.69
2020/06/11,9492.73,2176.78
2020/06/12,9588.81,2132.3
2020/06/15,9726.02,2030.82
2020/06/16,9895.87,2138.05
2020/06/17,9910.53,2141.05
2020/06/18,9943.05,2133.48
2020/06/19,9946.12,2141.32
2020/06/22,10056.48,2126.73
2020/06/23,10131.37,2131.24
2020/06/24,9909.17,2161.51
2020/06/25,10017.0,2112.37
2020/06/26,9757.22,2134.65
2020/06/29,9874.15,2093.48
2020/06/30,10058.76,2108.33
2020/07/01,10154.63,2106.7
2020/07/02,10207.63,2135.37
2020/07/03,10207.63,2152.41
2020/07/06,10433.65,2187.93
2020/07/07,10343.89,2164.17
2020/07/08,10492.5,2158.88
2020/07/09,10547.75,2167.9
2020/07/10,10617.44,2150.25
2020/07/13,10390.84,2186.06
2020/07/14,10488.58,2183.61
2020/07/15,10550.49,2201.88
2020/07/16,10473.83,2183.76
2020/07/17,10503.19,2201.19
2020/07/20,10767.09,2198.2
2020/07/21,10680.36,2228.83
2020/07/22,10706.13,2228.66
2020/07/23,10461.42,2216.19
2020/07/24,10363.18,2200.44
2020/07/27,10536.27,2217.86
2020/07/28,10402.09,2256.99
2020/07/29,10542.94,2263.16
2020/07/30,10587.81,2267.01
2020/07/31,10745.27,2249.37
2020/08/03,10902.8,2251.04
2020/08/04,10941.17,2279.97
2020/08/05,10998.4,2311.86
2020/08/06,11108.07,2342.61
2020/08/07,11010.98,2351.67
2020/08/10,10968.36,2386.38
2020/08/11,10782.82,2418.67
2020/08/12,11012.24,2432.35
2020/08/13,11042.5,2437.53
2020/08/14,11019.3,2407.49
2020/08/17,11129.73,2407.49
2020/08/18,11210.84,2348.24
2020/08/19,11146.46,2360.54
2020/08/20,11264.95,2274.22
2020/08/21,11311.8,2304.59
2020/08/24,11379.72,2329.83
2020/08/25,11466.47,2366.73
2020/08/26,11665.06,2369.32
2020/08/27,11625.34,2344.45
2020/08/28,11695.63,2353.8
2020/08/31,11775.46,2326.17
2020/09/01,11939.67,2349.55
2020/09/02,12056.44,2364.37
2020/09/03,11458.1,2395.9
2020/09/04,11313.13,2368.25
2020/09/07,11313.13,2384.22
2020/09/08,10847.69,2401.91
2020/09/09,11141.56,2375.81
2020/09/10,10919.59,2396.48
2020/09/11,10853.55,2396.69
2020/09/14,11056.65,2427.91
2020/09/15,11190.32,2443.58
2020/09/16,11050.47,2435.92
2020/09/17,10910.28,2406.17
2020/09/18,10793.28,2412.4
2020/09/21,10778.94,2389.39
2020/09/22,10963.77,2332.59
2020/09/23,10633.15,2333.24
2020/09/24,10672.43,2272.7
2020/09/25,10913.73,2278.79
2020/09/28,11117.7,2308.08
2020/09/29,11085.42,2327.89
2020/09/30,11167.68,2327.89
2020/10/01,11326.61,2327.89
2020/10/02,11075.11,2327.89
2020/10/05,11332.58,2358.0
2020/10/06,11154.7,2365.9
2020/10/07,11364.7,2386.94
2020/10/08,11421.08,2391.96
2020/10/09,11580.05,2391.96
2020/10/12,11876.36,2403.73
2020/10/13,11864.0,2403.15
2020/10/14,11768.83,2380.48
2020/10/15,11713.97,2361.21
2020/10/16,11671.66,2341.53
2020/10/19,11478.98,2346.74
2020/10/20,11516.49,2358.41
2020/10/21,11484.69,2370.86
2020/10/22,11506.01,2355.05
2020/10/23,11548.28,2360.81
2020/10/26,11358.94,2343.91
2020/10/27,11431.35,2330.84
2020/10/28,11004.87,2345.26
2020/10/29,11185.59,2326.67
2020/10/30,10911.59,2267.15
2020/11/02,10957.61,2300.16
2020/11/03,11160.57,2343.31
2020/11/04,11590.78,2357.32
2020/11/05,11890.93,2413.79
2020/11/06,11895.23,2416.5
2020/11/09,11713.78,2447.2
2020/11/10,11553.86,2452.83
2020/11/11,11786.43,2485.87
2020/11/12,11709.59,2475.62
2020/11/13,11829.29,2493.87
2020/11/16,11924.13,2543.03
2020/11/17,11899.34,2539.15
2020/11/18,11801.6,2545.64
2020/11/19,11904.71,2547.42
2020/11/20,11854.97,2553.5
2020/11/23,11880.63,2602.59
2020/11/24,12037.33,2617.76
2020/11/25,12094.4,2601.54
2020/11/26,12094.4,2625.91
2020/11/27,12205.85,2633.45
2020/11/30,12198.74,2591.34
2020/12/01,12355.11,2634.25
2020/12/02,12349.37,2675.9
2020/12/03,12377.18,2696.22
2020/12/04,12464.23,2731.45
2020/12/07,12519.95,2745.44
2020/12/08,12582.77,2700.93
2020/12/09,12338.95,2755.47
2020/12/10,12405.81,2746.46
2020/12/11,12377.87,2770.06
2020/12/14,12440.04,2762.2
2020/12/15,12595.06,2756.82
2020/12/16,12658.19,2771.79
2020/12/17,12764.75,2770.43
2020/12/18,12755.64,2772.18
2020/12/21,12742.52,2778.65
2020/12/22,12807.92,2733.68
2020/12/23,12771.11,2759.82
2020/12/24,12804.73,2806.86
2020/12/28,12899.42,2808.6
2020/12/29,12850.22,2820.51
2020/12/30,12870.0,2873.47
2020/12/31,12888.28,2873.47
2021/01/04,12698.45,2944.45
2021/01/05,12818.96,2990.57
2021/01/06,12740.79,2968.21
2021/01/07,13067.48,3031.68
2021/01/08,13201.98,3152.18
2021/01/11,13036.43,3148.45
2021/01/12,13072.43,3125.95
2021/01/13,13128.95,3148.29
2021/01/14,13112.64,3149.93
2021/01/15,12998.5,3085.9
2021/01/18,12998.5,3013.93
2021/01/19,13197.18,3092.66
2021/01/20,13457.25,3114.55
2021/01/21,13530.92,3160.84
2021/01/22,13543.06,3140.63
2021/01/25,13635.99,3208.99
2021/01/26,13626.07,3140.31
2021/01/27,13270.6,3122.56
2021/01/28,13337.16,3069.05
2021/01/29,13070.69,2976.21
2021/02/01,13403.39,3056.53
2021/02/02,13612.78,3096.81
2021/02/03,13610.54,3129.68
2021/02/04,13777.74,3087.55
2021/02/05,13856.3,3120.63
2021/02/08,13987.64,3091.24
2021/02/09,14007.7,3084.67
2021/02/10,13972.53,3100.58
2021/02/11,14025.77,3100.58
2021/02/12,14095.47,3100.58
2021/02/15,14095.47,3147.0
2021/02/16,14047.5,3163.25
2021/02/17,13965.5,3133.73
2021/02/18,13865.36,3086.66
2021/02/19,13874.47,3107.62
2021/02/22,13533.05,3079.75
2021/02/23,13465.2,3070.09
2021/02/24,13597.97,2994.98
2021/02/25,13119.43,3099.69
2021/02/26,13192.35,3012.95
2021/03/01,13588.83,3012.95
2021/03/02,13358.79,3043.87
2021/03/03,12997.75,3082.99
2021/03/04,12723.47,3043.49
2021/03/05,12920.15,3026.26
2021/03/08,12609.16,2996.11
2021/03/09,13073.82,2976.12
2021/03/10,13068.83,2958.12
2021/03/11,13398.67,3013.7
2021/03/12,13319.86,3054.39
2021/03/15,13459.71,3045.71
2021/03/16,13471.57,3067.17
2021/03/17,13525.2,3047.5
2021/03/18,13116.17,3066.01
2021/03/19,13215.24,3039.53
2021/03/22,13377.54,3035.46
2021/03/23,13227.7,3004.74
2021/03/24,12961.89,2996.35
2021/03/25,12977.68,3008.33
2021/03/26,13138.72,3041.01
2021/03/29,13059.65,3036.04
2021/03/30,13045.39,3070.0
2021/03/31,13246.87,3061.42
2021/04/01,13480.11,3087.4
2021/04/02,13480.11,3112.8
2021/04/05,13705.59,3120.83
2021/04/06,13698.38,3127.08
2021/04/07,13688.84,3137.41
2021/04/08,13829.31,3143.26
2021/04/09,13900.19,3131.88
2021/04/12,13850.0,3135.59
2021/04/13,13996.1,3169.08
2021/04/14,13857.84,3182.38
2021/04/15,14038.76,3194.33
2021/04/16,14052.34,3198.62
2021/04/19,13914.77,3198.84
2021/04/20,13786.27,3220.7
2021/04/21,13950.22,3171.66
2021/04/22,13818.41,3177.52
2021/04/23,14016.81,3186.1
2021/04/26,14138.78,3217.53
2021/04/27,14090.22,3215.42
2021/04/28,14051.03,3181.47
2021/04/29,14082.55,3174.07
2021/04/30,13962.68,3147.86
2021/05/03,13895.12,3127.2
2021/05/04,13633.5,3147.37
2021/05/05,13582.42,3147.37
2021/05/06,13632.84,3178.74
2021/05/07,13752.24,3197.2
2021/05/10,13401.86,3249.3
2021/05/11,13389.43,3209.43
2021/05/12,13031.68,3161.66
2021/05/13,13124.99,3122.11
2021/05/14,13429.98,3153.32
2021/05/17,13379.05,3134.52
2021/05/18,13303.64,3173.05
2021/05/19,13299.74,3173.05
2021/05/20,13535.74,3162.28
2021/05/21,13470.99,3156.42
2021/05/24,13661.17,3144.3
2021/05/25,13657.17,3171.32
2021/05/26,13738.0,3168.43
2021/05/27,13736.28,3165.51
2021/05/28,13748.74,3188.73
2021/05/31,13748.74,3203.92
2021/06/01,13736.48,3221.87
2021/06/02,13756.33,3224.23
2021/06/03,13614.51,3247.43
2021/06/04,13814.49,3240.08
2021/06/07,13881.72,3252.12
2021/06/08,13924.91,3247.83
2021/06/09,13911.75,3216.18
2021/06/10,14020.33,3224.64
2021/06/11,14069.42,3249.32
2021/06/14,14174.14,3252.13
2021/06/15,14072.86,3258.63
2021/06/16,14039.68,3278.68
2021/06/17,14161.35,3264.96
2021/06/18,14030.38,3267.93
2021/06/21,14141.48,3240.79
2021/06/22,14253.27,3263.88
2021/06/23,14271.73,3276.19
2021/06/24,14369.71,3286.1
2021/06/25,14360.39,3302.84
2021/06/28,14500.51,3301.89
2021/06/29,14528.33,3286.68
2021/06/30,14503.95,3296.68
2021/07/01,14522.38,3282.06
2021/07/02,14639.33,3281.78
2021/07/05,14639.33,3293.21
2021/07/06,14663.64,3305.21
2021/07/07,14665.06,3285.34
2021/07/08,14559.78,3252.68
2021/07/09,14701.92,3217.95
2021/07/12,14733.24,3246.47
2021/07/13,14677.65,3271.38
2021/07/14,14644.95,3264.81
2021/07/15,14543.13,3286.22
2021/07/16,14427.24,3276.91
2021/07/19,14274.98,3244.04
2021/07/20,14498.88,3232.7
2021/07/21,14631.95,3215.91
2021/07/22,14684.6,3250.21
2021/07/23,14836.99,3254.42
2021/07/26,14840.71,3224.95
2021/07/27,14660.58,3232.53
2021/07/28,14762.58,3236.86
2021/07/29,14778.26,3242.65
2021/07/30,14672.68,3202.32
2021/08/02,14681.07,3223.04
2021/08/03,14761.3,3237.14
2021/08/04,14780.53,3280.38
2021/08/05,14895.12,3276.13
2021/08/06,14835.76,3270.36
2021/08/09,14860.18,3260.42
2021/08/10,14788.09,3243.19
2021/08/11,14765.14,3220.62
2021/08/12,14816.26,3208.38
2021/08/13,14822.9,3171.29
2021/08/16,14793.76,3171.29
2021/08/17,14656.18,3143.09
2021/08/18,14525.91,3158.93
2021/08/19,14541.79,3097.83
2021/08/20,14714.66,3060.51
2021/08/23,14942.65,3090.21
2021/08/24,15019.8,3138.3
2021/08/25,15041.86,3146.81
2021/08/26,14945.81,3128.53
2021/08/27,15129.5,3133.9
2021/08/30,15265.89,3144.19
2021/08/31,15259.24,3199.27
2021/09/01,15309.38,3207.02
2021/09/02,15331.18,3175.85
2021/09/03,15363.52,3201.06
2021/09/06,15363.52,3203.33
2021/09/07,15374.33,3187.42
2021/09/08,15286.64,3162.99
2021/09/09,15248.25,3114.7
2021/09/10,15115.49,3125.76
2021/09/13,15105.58,3127.86
2021/09/14,15037.76,3148.83
2021/09/15,15161.53,3153.4
2021/09/16,15181.92,3130.09
2021/09/17,15043.97,3140.51
2021/09/20,14713.9,3140.51
2021/09/21,14746.4,3140.51
2021/09/22,14896.85,3140.51
2021/09/23,15052.24,3127.58
2021/09/24,15047.7,3125.24
2021/09/27,14969.97,3133.64
2021/09/28,14546.68,3097.92
2021/09/29,14512.44,3060.27
2021/09/30,14448.58,3068.82
2021/10/01,14566.7,3019.18
2021/10/04,14255.49,3019.18
2021/10/05,14433.83,2962.17
2021/10/06,14501.91,2908.31
2021/10/07,14654.02,2959.46
2021/10/08,14579.54,2956.3
2021/10/11,14486.2,2956.3
2021/10/12,14465.92,2916.38
2021/10/13,14571.64,2944.41
2021/10/14,14823.43,2988.64
2021/10/15,14897.34,3015.06
2021/10/18,15021.81,3006.68
2021/10/19,15129.09,3029.04
2021/10/20,15121.68,3013.13
2021/10/21,15215.7,3007.33
2021/10/22,15090.2,3006.16
2021/10/25,15226.71,3020.54
2021/10/26,15235.72,3049.08
2021/10/27,15235.84,3025.49
2021/10/28,15448.12,3009.55
2021/10/29,15498.39,2970.68
2021/11/01,15595.92,2978.94
2021/11/02,15649.6,3013.49
2021/11/03,15811.58,2975.71
2021/11/04,15940.31,2983.22
2021/11/05,15971.59,2969.27
2021/11/08,15982.36,2960.2
2021/11/09,15886.54,2962.46
2021/11/10,15622.7,2930.17
2021/11/11,15704.28,2924.92
2021/11/12,15860.96,2968.8
2021/11/15,15853.85,2999.52
2021/11/16,15973.85,2997.21
2021/11/17,15921.57,2962.42
2021/11/18,15993.71,2947.38
2021/11/19,16057.44,2971.02
2021/11/22,15854.76,3013.25
2021/11/23,15775.14,2997.33
2021/11/24,15845.23,2994.29
2021/11/25,15845.23,2980.27
2021/11/26,15491.66,2936.44
2021/11/29,15782.83,2909.32
2021/11/30,15537.69,2839.01
2021/12/01,15254.05,2899.72
2021/12/02,15381.32,2945.27
2021/12/03,15085.47,2968.33
2021/12/06,15225.15,2973.25
2021/12/07,15686.92,2991.72
2021/12/08,15786.99,3001.8
2021/12/09,15517.37,3029.57
2021/12/10,15630.6,3010.23
2021/12/13,15413.28,3001.66
2021/12/14,15237.64,2987.95
2021/12/15,15565.58,2989.39
2021/12/16,15180.43,3006.41
2021/12/17,15169.68,3017.73
2021/12/20,14980.94,2963.0
2021/12/21,15341.09,2975.03
2021/12/22,15521.89,2984.48
2021/12/23,15653.37,2998.17
2021/12/24,15653.37,3012.43
2021/12/27,15871.26,2999.55
2021/12/28,15781.72,3020.24
2021/12/29,15766.22,2993.29
2021/12/30,15741.56,2977.65
2021/12/31,15644.97,2977.65
